dateshift,shift_id,hour,shovel,material,production,productivity,runtime,loadingtime,spottingtime,dumpingtime,hangingtime,queuingtime_exc,queuingtime_dump,speed,payload,speedempty,speedloaded,cycletime,match_factor,countload
2020-08-30,1,6,EX0140,OB,731,817.520969245107,53.65,113.388888888889,21.1666666666667,73,48,50,5,22,87,19,21,995,0.5,17
2020-08-30,1,6,EX0141,OB,645,789.527371642298,49.0166666666667,135.266666666667,18.3333333333333,60,48,98,11,14,107,14,14,947,1,15
2020-08-30,1,6,EX0157,OB,903,903.250903028619,59.9833333333333,111.047619047619,21.3809523809524,71,27,42,5,19,89,21,18,638,1,21
2020-08-30,1,6,EX0158,OB,516,595.575504969542,51.9833333333333,141.230769230769,23.6923076923077,64,54,76,2,21,85,22,21,899,0.5,12
2020-08-30,1,6,EX0176,COAL,760,793.733681462141,57.45,343.888888888889,25.3333333333333,71,8,113,1,19,91,19,20,1136,0.5,8
2020-08-30,1,6,EX0192,OB,774,788.231966053748,58.9166666666667,140.117647058824,25.4117647058824,71,34,34,5,20,103,21,19,823,1,18
2020-08-30,1,6,EX0200,COAL,380,380.10558488469,59.9833333333333,392.6,28.2,85,55,124,2,11,96,11,15,1968,0.5,4
2020-08-30,1,6,EX0201,OB,817,828.974069898534,59.1333333333333,155.611111111111,22.5555555555556,70,21,149,7,14,97,14,14,891,1,19
2020-08-30,1,6,EX0215,OB,1075,1075.29869408169,59.9833333333333,106.125,14.375,66,19,52,6,21,102,20,24,486,1,25
2020-08-30,1,6,EX0216,OB,903,956.39894086496,56.65,117.9,17.25,69,13,64,6,21,103,23,20,684,0.5,21
2020-08-30,2,7,EX0140,OB,774,774.215059738816,59.9833333333333,123.222222222222,30.8333333333333,75,13,99,4,20,88,24,18,995,1,18
2020-08-30,2,7,EX0141,OB,731,941.875447387258,46.5666666666667,109,15,68,55,40,2,15,95,17,15,716,1,17
2020-08-30,2,7,EX0157,OB,860,860.238955265351,59.9833333333333,110.75,20.15,70,38,30,9,21,91,25,19,619,1,20
2020-08-30,2,7,EX0158,OB,688,688.191164212281,59.9833333333333,147.133333333333,20.2,72,22,79,7,23,87,25,21,941,0.5,16
2020-08-30,2,7,EX0176,COAL,855,855.237565990553,59.9833333333333,290.111111111111,34.8888888888889,73,29,19,1,23,90,27,20,1076,0.5,9
2020-08-30,2,7,EX0192,OB,774,804.620271440947,57.7166666666667,144.722222222222,29.5555555555556,68,1,146,2,21,99,22,21,836,0.5,18
2020-08-30,2,7,EX0200,COAL,665,665.184773548208,59.9833333333333,354,17.8571428571429,73,161,70,0,16,94,18,15,1291,0.5,7
2020-08-30,2,7,EX0201,OB,516,708.196721311475,43.7166666666667,150.272727272727,29.5454545454545,61,69,23,2,14,92,15,15,962,1,12
2020-08-30,2,7,EX0215,OB,989,989.274798555154,59.9833333333333,108.833333333333,16.0833333333333,67,34,20,8,21,100,21,23,465,0.5,23
2020-08-30,2,7,EX0216,OB,774,774.215059738816,59.9833333333333,134.666666666667,16.5,73,52,36,6,25,108,27,24,641,0.5,18
2020-08-30,3,8,EX0140,OB,903,903.250903028619,59.9833333333333,103.157894736842,27.4736842105263,62,14,68,2,21,83,22,20,834,1,21
2020-08-30,3,8,EX0141,OB,473,1261.33333333333,22.5,113.777777777778,20.8888888888889,76,3,52,3,18,90,19,15,669,0.5,11
2020-08-30,3,8,EX0157,OB,903,903.250903028619,59.9833333333333,120.428571428571,16.2380952380952,67,27,28,4,20,91,22,19,622,1,21
2020-08-30,3,8,EX0158,OB,473,579.380741748894,48.9833333333333,144.909090909091,25.5454545454545,66,117,8,2,22,88,24,22,844,0.5,11
2020-08-30,3,8,EX0176,COAL,855,855.237565990553,59.9833333333333,331.777777777778,28,69,17,81,1,23,91,26,21,1117,0.5,9
2020-08-30,3,8,EX0192,OB,774,774.215059738816,59.9833333333333,140,22.2222222222222,73,33,78,4,19,101,20,19,844,0.5,18
2020-08-30,3,8,EX0200,COAL,665,665.184773548208,59.9833333333333,384.25,23,78,44,95,3,17,97,19,17,1277,0.5,7
2020-08-30,3,8,EX0201,OB,0,0,0,0,0,0,0,0,0,0,0,0,0,0,0,0
2020-08-30,3,8,EX0215,OB,946,946.262850791887,59.9833333333333,108.333333333333,17.4761904761905,69,30,25,6,20,99,20,21,511,1,22
2020-08-30,3,8,EX0216,OB,688,688.191164212281,59.9833333333333,137.111111111111,15.0555555555556,69,22,63,4,24,105,27,22,666,0.5,16
2020-08-30,4,9,EX0140,OB,860,860.238955265351,59.9833333333333,112.333333333333,17.7222222222222,53,47,73,2,22,87,22,22,962,1,20
2020-08-30,4,9,EX0141,OB,0,0,0,0,0,0,0,0,0,0,0,0,0,0,0,0
2020-08-30,4,9,EX0157,OB,860,860.238955265351,59.9833333333333,116.65,21.15,62,16,91,3,18,90,22,17,684,1,20
2020-08-30,4,9,EX0158,OB,387,675.327193407659,34.3833333333333,174,27.75,78,21,61,3,22,90,24,21,979,1,9
2020-08-30,4,9,EX0176,COAL,665,748.827025336253,53.2833333333333,351.142857142857,28.5714285714286,65,0,151,1,22,92,25,20,1278,0.5,7
2020-08-30,4,9,EX0192,OB,688,731.914893617021,56.4,148.866666666667,30.6666666666667,74,21,81,5,20,104,22,19,886,0.5,16
2020-08-30,4,9,EX0200,COAL,855,855.237565990553,59.9833333333333,334.625,19.5,81,87,62,1,17,93,16,17,1256,0.5,9
2020-08-30,4,9,EX0201,OB,0,0,0,0,0,0,0,0,0,0,0,0,0,0,0,0
2020-08-30,4,9,EX0215,OB,817,839.144079885877,58.4166666666667,111.263157894737,16.2105263157895,76,46,68,5,19,102,18,22,566,1,19
2020-08-30,4,9,EX0216,OB,688,688.191164212281,59.9833333333333,174.066666666667,16.0666666666667,76,24,124,5,21,98,23,20,794,0.5,16
2020-08-30,5,10,EX0140,OB,989,989.274798555154,59.9833333333333,105.909090909091,22.9545454545455,68,26,89,2,20,79,22,19,841,0.5,23
2020-08-30,5,10,EX0141,OB,0,0,0,0,0,0,0,0,0,0,0,0,0,0,0,0
2020-08-30,5,10,EX0157,OB,817,817.227007502084,59.9833333333333,115.888888888889,20.0555555555556,71,44,90,9,18,88,19,18,681,1,19
2020-08-30,5,10,EX0158,OB,774,932.842316705725,49.7833333333333,108.470588235294,24.7058823529412,45,17,61,3,20,78,24,17,767,0.5,18
2020-08-30,5,10,EX0176,COAL,760,760.21116976938,59.9833333333333,348.5,36,62,31,122,1,22,92,24,20,1191,0.5,8
2020-08-30,5,10,EX0192,OB,430,495.201535508637,52.1,162.2,21.8,61,86,44,1,14,97,14,16,1002,0.5,10
2020-08-30,5,10,EX0200,COAL,665,665.184773548208,59.9833333333333,363.714285714286,33.1428571428571,88,37,101,1,19,91,21,17,1314,0.5,7
2020-08-30,5,10,EX0201,OB,0,0,0,0,0,0,0,0,0,0,0,0,0,0,0,0
2020-08-30,5,10,EX0215,OB,860,860.238955265351,59.9833333333333,112.25,21.2,75,32,67,8,21,104,22,20,589,1,20
2020-08-30,5,10,EX0216,OB,817,980.726908969657,49.9833333333333,146.052631578947,19.4210526315789,76,7,66,5,22,104,26,20,681,0.5,19
2020-08-30,6,11,EX0140,OB,774,833.752244165171,55.7,98.1052631578947,25.0526315789474,73,41,43,5,19,81,19,20,886,0.5,18
2020-08-30,6,11,EX0141,OB,0,0,0,0,0,0,0,0,0,0,0,0,0,0,0,0
2020-08-30,6,11,EX0157,OB,817,920.275344180225,53.2666666666667,120.684210526316,17.4210526315789,64,18,94,11,18,89,18,19,548,1,19
2020-08-30,6,11,EX0158,OB,946,1024.85705687632,55.3833333333333,109.833333333333,14.8888888888889,64,40,83,4,17,81,19,16,736,0.5,22
2020-08-30,6,11,EX0176,COAL,855,913.895486935867,56.1333333333333,413.714285714286,28.2857142857143,86,0,279,1,25,91,28,23,1468,1,9
2020-08-30,6,11,EX0192,OB,645,645.179216449014,59.9833333333333,153.117647058824,23.5882352941176,75,5,75,2,18,102,20,17,948,0.5,15
2020-08-30,6,11,EX0200,COAL,760,760.21116976938,59.9833333333333,360.75,30.375,74,8,81,1,19,92,21,17,1246,0.5,8
2020-08-30,6,11,EX0201,OB,0,0,0,0,0,0,0,0,0,0,0,0,0,0,0,0
2020-08-30,6,11,EX0215,OB,903,951.639344262295,56.9333333333333,104.590909090909,25,63,23,66,6,21,100,21,22,536,1,21
2020-08-30,6,11,EX0216,OB,860,860.238955265351,59.9833333333333,143.473684210526,19.1578947368421,77,23,79,8,23,104,27,21,702,0.5,20
2020-08-30,7,12,EX0140,OB,688,830.583501006036,49.7,105.6,17.6666666666667,65,36,76,4,24,76,22,23,893,0.5,16
2020-08-30,7,12,EX0141,OB,0,0,0,0,0,0,0,0,0,0,0,0,0,0,0,0
2020-08-30,7,12,EX0157,OB,817,817.227007502084,59.9833333333333,129.421052631579,17.8947368421053,62,14,55,3,18,90,19,18,479,1,19
2020-08-30,7,12,EX0158,OB,774,956.868131868132,48.5333333333333,112.6875,17.25,54,24,80,2,18,82,20,16,738,0.5,18
2020-08-30,7,12,EX0176,COAL,380,472.538860103627,48.25,420,25.25,50,125,348,3,17,88,19,16,1485,0.5,4
2020-08-30,7,12,EX0192,OB,602,628.538283062645,57.4666666666667,158.461538461538,20.3846153846154,71,54,35,1,20,103,23,18,898,0.5,14
2020-08-30,7,12,EX0200,COAL,475,653.41994650363,43.6166666666667,352.2,18.4,62,80,89,1,18,92,19,18,1170,0.5,5
2020-08-30,7,12,EX0201,OB,0,0,0,0,0,0,0,0,0,0,0,0,0,0,0,0
2020-08-30,7,12,EX0215,OB,860,991.35446685879,52.05,107.277777777778,20.1111111111111,68,31,87,6,21,102,21,21,571,1,20
2020-08-30,7,12,EX0216,OB,645,889.655172413793,43.5,128.692307692308,13.7692307692308,63,68,113,3,17,101,20,19,845,0.5,15
2020-08-30,8,13,EX0140,OB,817,817.227007502084,59.9833333333333,100.7,21.5,72,43,43,4,20,82,19,22,892,0.5,19
2020-08-30,8,13,EX0141,OB,0,0,0,0,0,0,0,0,0,0,0,0,0,0,0,0
2020-08-30,8,13,EX0157,OB,473,664.896524795002,42.6833333333333,115.636363636364,20.8181818181818,63,114,45,11,16,92,17,17,452,1,11
2020-08-30,8,13,EX0158,OB,946,946.262850791887,59.9833333333333,102.95652173913,21.0434782608696,60,19,59,2,16,84,19,14,741,0.5,22
2020-08-30,8,13,EX0176,COAL,380,556.323708824725,40.9833333333333,412,32,64,121,153,2,12,87,10,22,2033,0.5,4
2020-08-30,8,13,EX0192,OB,731,731.203111975549,59.9833333333333,159.5,13.75,75,38,64,2,20,102,22,18,855,0.5,17
2020-08-30,8,13,EX0200,COAL,665,784.403669724771,50.8666666666667,292.571428571429,16,70,211,99,1,16,92,14,16,1109,0.5,7
2020-08-30,8,13,EX0201,OB,0,0,0,0,0,0,0,0,0,0,0,0,0,0,0,0
2020-08-30,8,13,EX0215,OB,817,872.500741619697,56.1833333333333,107,24.55,69,28,50,4,18,101,17,20,568,1,19
2020-08-30,8,13,EX0216,OB,688,688.191164212281,59.9833333333333,153.5,15.5625,69,32,46,4,22,104,27,18,739,0.5,16
2020-08-30,9,14,EX0140,OB,860,860.238955265351,59.9833333333333,100.894736842105,29.1052631578947,64,60,91,2,23,89,25,21,884,0.5,20
2020-08-30,9,14,EX0141,OB,0,0,0,0,0,0,0,0,0,0,0,0,0,0,0,0
2020-08-30,9,14,EX0157,OB,860,860.238955265351,59.9833333333333,120.8,18.95,69,30,54,6,17,92,17,16,534,1,20
2020-08-30,9,14,EX0158,OB,946,946.262850791887,59.9833333333333,96.8181818181818,13.5909090909091,47,37,73,1,15,88,16,13,812,0.5,22
2020-08-30,9,14,EX0176,COAL,475,475.131981105863,59.9833333333333,385.333333333333,31.8333333333333,56,34,190,8,19,87,20,21,1529,0.5,5
2020-08-30,9,14,EX0192,OB,559,626.330532212885,53.55,156.307692307692,19.6923076923077,71,54,43,1,18,103,18,19,805,0.5,13
2020-08-30,9,14,EX0200,COAL,570,570.158377327035,59.9833333333333,312.714285714286,20.7142857142857,56,190,105,2,14,93,17,13,1283,0.5,6
2020-08-30,9,14,EX0201,OB,0,0,0,0,0,0,0,0,0,0,0,0,0,0,0,0
2020-08-30,9,14,EX0215,OB,903,903.250903028619,59.9833333333333,109.809523809524,17.2380952380952,62,39,50,4,18,103,18,17,584,1,21
2020-08-30,9,14,EX0216,OB,817,817.227007502084,59.9833333333333,142.157894736842,17.5263157894737,76,21,100,6,21,103,24,19,719,0.5,19
2020-08-30,10,15,EX0140,OB,688,833.65870077415,49.5166666666667,116.2,19.8666666666667,57,19,60,2,19,86,18,22,973,0.5,16
2020-08-30,10,15,EX0141,OB,0,0,0,0,0,0,0,0,0,0,0,0,0,0,0,0
2020-08-30,10,15,EX0157,OB,645,801.795580110497,48.2666666666667,109.6875,15.5,90,73,59,28,24,91,21,23,513,1,15
2020-08-30,10,15,EX0158,OB,860,920.059435364042,56.0833333333333,105.578947368421,21.3684210526316,63,31,96,2,16,86,16,14,808,0.5,20
2020-08-30,10,15,EX0176,COAL,760,760.21116976938,59.9833333333333,380.571428571429,23.7142857142857,85,49,95,4,22,86,21,22,1098,0.5,8
2020-08-30,10,15,EX0192,OB,559,700.940438871473,47.85,146.076923076923,22,72,34,105,1,20,96,20,20,816,0.5,13
2020-08-30,10,15,EX0200,COAL,475,609.625668449198,46.75,317.4,33.8,69,146,21,1,25,100,24,16,1354,0.5,5
2020-08-30,10,15,EX0201,OB,0,0,0,0,0,0,0,0,0,0,0,0,0,0,0,0
2020-08-30,10,15,EX0215,OB,688,809.676364825106,50.9833333333333,108.235294117647,20.7647058823529,61,60,58,7,21,107,22,20,642,1,16
2020-08-30,10,15,EX0216,OB,516,731.914893617021,42.3,125.666666666667,13.0833333333333,70,104,83,4,20,107,25,19,851,0.5,12
2020-08-30,11,16,EX0140,OB,774,774.215059738816,59.9833333333333,113.52380952381,14.8095238095238,64,10,84,3,22,84,24,24,809,0.5,18
2020-08-30,11,16,EX0141,OB,0,0,0,0,0,0,0,0,0,0,0,0,0,0,0,0
2020-08-30,11,16,EX0157,OB,817,817.227007502084,59.9833333333333,110,17.4736842105263,70,81,54,6,13,96,13,15,679,1,19
2020-08-30,11,16,EX0158,OB,946,946.262850791887,59.9833333333333,101.521739130435,22.2608695652174,49,18,81,1,17,83,20,15,725,0.5,22
2020-08-30,11,16,EX0176,COAL,570,570.158377327035,59.9833333333333,382,34.1428571428571,83,9,125,2,25,87,26,21,1224,1,6
2020-08-30,11,16,EX0192,OB,688,691.843575418994,59.6666666666667,148.8125,19.875,87,42,198,8,20,100,19,22,777,0.5,16
2020-08-30,11,16,EX0200,COAL,570,613.819922225546,55.7166666666667,378.666666666667,27.5,59,1,207,1,19,91,25,16,1453,0.5,6
2020-08-30,11,16,EX0201,OB,0,0,0,0,0,0,0,0,0,0,0,0,0,0,0,0
2020-08-30,11,16,EX0215,OB,946,946.262850791887,59.9833333333333,104.090909090909,15.9545454545455,72,29,32,8,18,107,18,19,605,1,22
2020-08-30,11,16,EX0216,OB,817,832.965165675446,58.85,123.666666666667,13.9444444444444,62,68,41,4,19,111,23,16,668,0.5,19
2020-08-30,12,17,EX0140,OB,688,688.191164212281,59.9833333333333,108.571428571429,20.4285714285714,57,75,92,5,21,76,25,18,1036,0.5,16
2020-08-30,12,17,EX0141,OB,0,0,0,0,0,0,0,0,0,0,0,0,0,0,0,0
2020-08-30,12,17,EX0157,OB,602,602.167268685746,59.9833333333333,108.066666666667,21.2666666666667,58,109,76,2,11,99,10,16,875,0.5,14
2020-08-30,12,17,EX0158,OB,731,787.668362765639,55.6833333333333,105.352941176471,35.4705882352941,72,28,70,32,15,82,17,17,889,0.5,17
2020-08-30,12,17,EX0176,COAL,475,536.554753686853,53.1166666666667,299,23.5,44,141,67,2,20,84,16,20,954,0.5,5
2020-08-30,12,17,EX0192,OB,473,629.03583302549,45.1166666666667,140.909090909091,29.1818181818182,88,82,113,15,16,95,16,20,823,0.5,11
2020-08-30,12,17,EX0200,COAL,665,839.116719242902,47.55,342.666666666667,31.8333333333333,62,103,123,1,15,96,15,15,1287,0.5,7
2020-08-30,12,17,EX0201,OB,0,0,0,0,0,0,0,0,0,0,0,0,0,0,0,0
2020-08-30,12,17,EX0215,OB,731,853.584171261758,51.3833333333333,100.533333333333,15.5333333333333,71,74,78,8,15,106,18,16,652,0.5,17
2020-08-30,12,17,EX0216,OB,688,769.90985390115,53.6166666666667,115.4375,22.5,82,81,62,5,19,112,24,16,766,0.5,16
2020-08-30,13,18,EX0140,OB,559,734.184604159066,45.6833333333333,121.928571428571,20.1428571428571,101,21,259,34,19,81,18,24,1105,0.5,13
2020-08-30,13,18,EX0141,OB,0,0,0,0,0,0,0,0,0,0,0,0,0,0,0,0
2020-08-30,13,18,EX0157,OB,903,903.250903028619,59.9833333333333,120.368421052632,19.6842105263158,68,27,87,5,16,96,19,16,712,0.5,21
2020-08-30,13,18,EX0158,OB,860,1053.0612244898,49,116.842105263158,17.8421052631579,62,8,80,7,18,96,22,16,768,0.5,20
2020-08-30,13,18,EX0176,COAL,760,760.21116976938,59.9833333333333,313.666666666667,21.1111111111111,70,55,66,6,15,96,12,17,1027,0.5,8
2020-08-30,13,18,EX0192,OB,774,774.215059738816,59.9833333333333,144.058823529412,24.8823529411765,82,43,154,15,20,98,19,23,700,0.5,18
2020-08-30,13,18,EX0200,COAL,475,475.131981105863,59.9833333333333,334.714285714286,28,77,12,154,6,31,84,32,15,1629,0.5,5
2020-08-30,13,18,EX0201,OB,0,0,0,0,0,0,0,0,0,0,0,0,0,0,0,0
2020-08-30,13,18,EX0215,OB,731,775.139911634757,56.5833333333333,100.166666666667,17.5555555555556,73,32,58,8,21,106,21,22,621,1,17
2020-08-30,13,18,EX0216,OB,645,687.592537755404,56.2833333333333,139.625,14.1875,64,35,55,6,21,108,23,19,720,0.5,15
2020-08-30,14,19,EX0140,OB,516,696.251874062968,44.4666666666667,130.25,22.25,72,39,65,4,21,86,22,20,922,0.5,12
2020-08-30,14,19,EX0141,OB,0,0,0,0,0,0,0,0,0,0,0,0,0,0,0,0
2020-08-30,14,19,EX0157,OB,903,903.250903028619,59.9833333333333,113,16.2857142857143,75,25,69,6,17,100,20,16,691,1,21
2020-08-30,14,19,EX0158,OB,817,1021.25,48,104.631578947368,19.2631578947368,77,12,52,2,19,90,20,19,714,0.5,19
2020-08-30,14,19,EX0176,COAL,760,760.21116976938,59.9833333333333,347.5,19.875,86,13,74,3,19,97,19,21,1235,0.5,8
2020-08-30,14,19,EX0192,OB,645,668.586236682983,57.8833333333333,156.25,18.3125,75,36,83,10,22,99,21,25,660,1,15
2020-08-30,14,19,EX0200,COAL,950,950.263962211725,59.9833333333333,297,26.8888888888889,64,27,65,0,15,80,17,13,1231,0.5,10
2020-08-30,14,19,EX0201,OB,0,0,0,0,0,0,0,0,0,0,0,0,0,0,0,0
2020-08-30,14,19,EX0215,OB,989,1154.84917288355,51.3833333333333,96.0909090909091,19,71,27,80,6,22,104,22,23,586,1,23
2020-08-30,14,19,EX0216,OB,774,972.565445026178,47.75,124.588235294118,14.4117647058824,86,46,39,8,18,108,18,18,745,0.5,18
2020-08-30,15,20,EX0140,OB,860,860.238955265351,59.9833333333333,109.857142857143,27.3809523809524,65,34,75,3,21,82,21,21,837,0.5,20
2020-08-30,15,20,EX0141,OB,0,0,0,0,0,0,0,0,0,0,0,0,0,0,0,0
2020-08-30,15,20,EX0157,OB,1075,1075.29869408169,59.9833333333333,114.583333333333,15.25,78,2,85,16,21,99,25,19,444,0.5,25
2020-08-30,15,20,EX0158,OB,946,946.262850791887,59.9833333333333,110.5,16,70,2,70,3,17,87,20,16,742,0.5,22
2020-08-30,15,20,EX0176,COAL,665,726.114649681529,54.95,330.142857142857,12.2857142857143,73,42,60,10,19,90,14,31,1259,0.5,7
2020-08-30,15,20,EX0192,OB,731,731.203111975549,59.9833333333333,154.6875,14.1875,77,13,99,16,23,100,22,25,618,1,17
2020-08-30,15,20,EX0200,COAL,855,855.237565990553,59.9833333333333,325.142857142857,12.2857142857143,60,67,11,8,15,86,16,13,1175,0.5,9
2020-08-30,15,20,EX0201,OB,0,0,0,0,0,0,0,0,0,0,0,0,0,0,0,0
2020-08-30,15,20,EX0215,OB,1204,1204.33453737149,59.9833333333333,91.7857142857143,21.1071428571429,71,0,73,3,24,99,26,23,372,0.5,28
2020-08-30,15,20,EX0216,OB,860,860.238955265351,59.9833333333333,114.761904761905,15.4761904761905,86,42,36,9,22,109,24,20,649,0.5,20
2020-08-30,16,21,EX0140,OB,817,873.79679144385,56.1,113,21.7222222222222,57,14,115,11,21,85,23,20,1004,0.5,19
2020-08-30,16,21,EX0141,OB,0,0,0,0,0,0,0,0,0,0,0,0,0,0,0,0
2020-08-30,16,21,EX0157,OB,903,918.824194460147,58.9666666666667,108.238095238095,18.7142857142857,80,38,69,16,18,93,24,21,456,0.5,21
2020-08-30,16,21,EX0158,OB,860,860.238955265351,59.9833333333333,109.380952380952,18.952380952381,74,40,60,5,18,87,21,16,740,0.5,20
2020-08-30,16,21,EX0176,COAL,855,855.237565990553,59.9833333333333,346.625,23.25,119,33,61,16,26,94,29,27,1020,1,9
2020-08-30,16,21,EX0192,OB,688,688.191164212281,59.9833333333333,162.8125,21.9375,89,12,83,17,25,99,23,27,637,0.5,16
2020-08-30,16,21,EX0200,COAL,570,570.158377327035,59.9833333333333,301.375,25.625,56,62,15,2,23,89,25,15,1232,0.5,6
2020-08-30,16,21,EX0201,OB,0,0,4.41666666666667,171,17,0,0,14,0,14,0,12,18,686,0.5,0
2020-08-30,16,21,EX0215,OB,1075,1075.29869408169,59.9833333333333,95.2692307692308,21,80,8,64,4,21,99,22,20,395,1,25
2020-08-30,16,21,EX0216,OB,817,817.227007502084,59.9833333333333,128.421052631579,15.2631578947368,83,46,36,7,21,108,22,19,696,0.5,19
2020-08-30,17,22,EX0140,OB,817,820.876360591683,59.7166666666667,118.111111111111,24.8333333333333,71,20,57,5,21,82,22,21,988,0.5,19
2020-08-30,17,22,EX0141,OB,0,0,0,0,0,0,0,0,0,0,0,0,0,0,0,0
2020-08-30,17,22,EX0157,OB,903,903.250903028619,59.9833333333333,115.818181818182,16.1818181818182,96,9,63,33,18,97,20,17,466,0.5,21
2020-08-30,17,22,EX0158,OB,1032,1032.28674631842,59.9833333333333,104.260869565217,22.5217391304348,85,18,44,12,18,86,21,15,733,0.5,24
2020-08-30,17,22,EX0176,COAL,855,855.237565990553,59.9833333333333,349.888888888889,23.8888888888889,71,0,146,2,21,96,20,22,1092,1,9
2020-08-30,17,22,EX0192,OB,645,686.373041678983,56.3833333333333,152.933333333333,21.3333333333333,99,45,75,40,21,100,21,23,667,0.5,15
2020-08-30,17,22,EX0200,COAL,665,665.184773548208,59.9833333333333,336.714285714286,15,67,171,61,5,13,87,18,12,1339,0.5,7
2020-08-30,17,22,EX0201,OB,602,602.167268685746,59.9833333333333,170.2,16.1333333333333,87,59,117,15,14,103,13,16,971,0.5,14
2020-08-30,17,22,EX0215,OB,1032,1032.28674631842,59.9833333333333,96.0384615384615,23.1538461538462,89,15,39,13,19,104,20,19,484,0.5,24
2020-08-30,17,22,EX0216,OB,731,731.203111975549,59.9833333333333,156.75,18.6875,69,15,60,8,19,107,23,16,791,0.5,17
2020-08-30,18,23,EX0140,OB,688,703.636363636364,58.6666666666667,115,36.0588235294118,90,41,80,35,19,86,21,20,1042,0.5,16
2020-08-30,18,23,EX0141,OB,0,0,0,0,0,0,0,0,0,0,0,0,0,0,0,0
2020-08-30,18,23,EX0157,OB,731,875.157964748919,50.1166666666667,111.75,19.25,123,91,30,54,17,105,19,16,497,0.5,17
2020-08-30,18,23,EX0158,OB,860,901.04772991851,57.2666666666667,108.55,24.55,63,32,58,2,17,85,21,15,749,0.5,20
2020-08-30,18,23,EX0176,COAL,760,812.110418521817,56.15,325,20.375,78,2,50,10,22,95,23,22,1023,1,8
2020-08-30,18,23,EX0192,OB,602,647.892376681614,55.75,140.571428571429,21,104,59,86,44,21,99,20,24,700,0.5,14
2020-08-30,18,23,EX0200,COAL,760,798.133022170362,57.1333333333333,345.833333333333,14,40,158,9,12,13,86,12,12,1235,0.5,8
2020-08-30,18,23,EX0201,OB,129,2333.66834170854,3.31666666666667,158,10,85,0,2,12,18,103,21,16,536,0.5,3
2020-08-30,18,23,EX0215,OB,946,998.416886543536,56.85,102.368421052632,27.9473684210526,120,16,68,44,16,98,17,16,489,0.5,22
2020-08-30,18,23,EX0216,OB,0,0,0,0,0,0,0,0,0,0,0,0,0,0,0,0
2020-08-30,19,0,EX0140,OB,602,1116.53786707883,32.35,116.818181818182,34,75,5,86,7,23,87,23,25,955,0.5,14
2020-08-30,19,0,EX0141,OB,0,0,0,0,0,0,0,0,0,0,0,0,0,0,0,0
2020-08-30,19,0,EX0157,OB,1032,1032.28674631842,59.9833333333333,113.75,16,71,18,73,10,18,100,21,16,461,1,24
2020-08-30,19,0,EX0158,OB,860,883.309557774608,58.4166666666667,117.631578947368,21.5263157894737,70,27,78,7,17,85,18,16,827,0.5,20
2020-08-30,19,0,EX0176,COAL,855,855.237565990553,59.9833333333333,278.777777777778,26.1111111111111,76,6,68,8,21,87,20,22,1020,1,9
2020-08-30,19,0,EX0192,OB,645,788.455008488964,49.0833333333333,140.285714285714,17.1428571428571,94,52,41,32,21,102,21,21,623,0.5,15
2020-08-30,19,0,EX0200,COAL,475,857.142857142857,33.25,327,33.4,68,16,74,14,20,87,29,16,1092,0.5,5
2020-08-30,19,0,EX0201,OB,516,520.627802690583,59.4666666666667,162.214285714286,22.9285714285714,82,48,44,10,16,102,17,16,866,0.5,12
2020-08-30,19,0,EX0215,OB,903,903.250903028619,59.9833333333333,114.333333333333,26,76,14,46,3,12,100,13,11,490,0.5,21
2020-08-30,19,0,EX0216,OB,688,755.582672361196,54.6333333333333,102.277777777778,13.8333333333333,82,59,36,33,23,104,27,20,711,0.5,16
2020-08-30,20,1,EX0140,OB,688,699.858717151738,58.9833333333333,129.722222222222,24.0555555555556,74,5,107,4,19,86,20,20,975,0.5,16
2020-08-30,20,1,EX0141,OB,0,0,0,0,0,0,0,0,0,0,0,0,0,0,0,0
2020-08-30,20,1,EX0157,OB,645,915.976331360947,42.25,111.5625,19,64,17,61,2,18,96,20,17,471,1,15
2020-08-30,20,1,EX0158,OB,602,782.100324792494,46.1833333333333,109.538461538462,31.0769230769231,89,13,70,17,16,89,16,19,884,1,14
2020-08-30,20,1,EX0176,COAL,665,692.507954874168,57.6166666666667,268.777777777778,30.8888888888889,65,92,83,7,19,83,18,15,951,0.5,7
2020-08-30,20,1,EX0192,OB,602,671.79169249845,53.7666666666667,149.125,13.875,76,19,67,19,16,99,14,19,652,0.5,14
2020-08-30,20,1,EX0200,COAL,665,678.379144233494,58.8166666666667,370.428571428571,22.1428571428571,74,19,96,4,17,90,18,16,1298,0.5,7
2020-08-30,20,1,EX0201,OB,645,679.344645991808,56.9666666666667,176.285714285714,30.2857142857143,81,5,74,11,19,105,21,17,863,0.5,15
2020-08-30,20,1,EX0215,OB,731,950.036101083032,46.1666666666667,118.222222222222,23.6666666666667,79,20,51,5,12,102,12,14,541,0.5,17
2020-08-30,20,1,EX0216,OB,860,860.238955265351,59.9833333333333,100.789473684211,16.2631578947368,71,55,15,6,18,100,18,18,742,0.5,20
2020-08-30,21,2,EX0140,OB,860,860.238955265351,59.9833333333333,129.5,20.35,88,12,113,5,22,90,23,22,987,0.5,20
2020-08-30,21,2,EX0141,OB,0,0,0,0,0,0,0,0,0,0,0,0,0,0,0,0
2020-08-30,21,2,EX0157,OB,1075,1075.29869408169,59.9833333333333,116.875,16,65,6,64,3,20,97,25,16,440,1,25
2020-08-30,21,2,EX0158,OB,817,817.227007502084,59.9833333333333,111.473684210526,23.1052631578947,81,42,59,18,19,89,21,21,784,1,19
2020-08-30,21,2,EX0176,COAL,0,0,0,0,0,0,0,0,0,0,0,0,0,0,0,0
2020-08-30,21,2,EX0192,OB,774,774.215059738816,59.9833333333333,142.176470588235,18.9411764705882,77,27,64,6,20,102,17,23,627,1,18
2020-08-30,21,2,EX0200,COAL,475,493.221805595616,57.7833333333333,281.6,13.2,42,132,140,1,14,87,18,12,1596,0.5,5
2020-08-30,21,2,EX0201,OB,559,576.453738183901,58.1833333333333,169.071428571429,29.8571428571429,78,48,92,9,17,102,21,17,968,0.5,13
2020-08-30,21,2,EX0215,OB,774,954.900616860864,48.6333333333333,113.222222222222,20.7222222222222,102,26,39,7,22,98,23,19,434,1,18
2020-08-30,21,2,EX0216,OB,903,903.250903028619,59.9833333333333,101.217391304348,14.695652173913,77,25,33,3,19,103,20,18,720,0.5,21
2020-08-30,22,3,EX0140,OB,774,774.215059738816,59.9833333333333,126.894736842105,25.5263157894737,92,3,102,8,21,87,23,20,1043,0.5,18
2020-08-30,22,3,EX0141,OB,0,0,0,0,0,0,0,0,0,0,0,0,0,0,0,0
2020-08-30,22,3,EX0157,OB,860,860.238955265351,59.9833333333333,112,17.4285714285714,74,30,73,5,16,93,19,15,501,0.5,20
2020-08-30,22,3,EX0158,OB,774,774.215059738816,59.9833333333333,108.833333333333,29.7777777777778,72,38,45,3,17,90,17,16,864,0.5,18
2020-08-30,22,3,EX0176,COAL,475,485.657483669412,58.6833333333333,368.666666666667,38,70,105,55,1,21,96,22,21,1148,1,5
2020-08-30,22,3,EX0192,OB,731,731.203111975549,59.9833333333333,156.588235294118,19.4117647058824,97,27,60,16,22,104,18,27,608,0.5,17
2020-08-30,22,3,EX0200,COAL,760,760.21116976938,59.9833333333333,298.75,23.625,70,66,148,4,20,89,25,16,1235,0.5,8
2020-08-30,22,3,EX0201,OB,516,564.277035236938,54.8666666666667,161.615384615385,18.9230769230769,67,37,68,4,18,100,19,18,834,0.5,12
2020-08-30,22,3,EX0215,OB,903,903.250903028619,59.9833333333333,116.95,21.25,111,23,17,4,16,98,17,15,347,0.5,21
2020-08-30,22,3,EX0216,OB,860,937.32970027248,55.05,110.4,15.5,67,28,55,4,20,103,23,18,746,0.5,20
2020-08-30,23,4,EX0140,OB,774,908.213820078227,51.1333333333333,129.375,21.1875,86,65,51,7,21,89,26,18,970,0.5,18
2020-08-30,23,4,EX0141,OB,0,0,0,0,0,0,0,0,0,0,0,0,0,0,0,0
2020-08-30,23,4,EX0157,OB,731,953.823849220732,45.9833333333333,116.294117647059,17.1764705882353,83,44,46,6,18,93,20,17,491,0.5,17
2020-08-30,23,4,EX0158,OB,731,731.203111975549,59.9833333333333,114.944444444444,23.3333333333333,35,40,85,0,13,99,16,13,837,0.5,17
2020-08-30,23,4,EX0176,COAL,665,665.184773548208,59.9833333333333,348.571428571429,32.8571428571429,83,60,122,27,21,93,20,21,1180,0.5,7
2020-08-30,23,4,EX0192,OB,559,722.325915290739,46.4333333333333,150.583333333333,19.1666666666667,74,36,60,2,22,101,19,26,665,0.5,13
2020-08-30,23,4,EX0200,COAL,475,580.054274084125,49.1333333333333,332,44,79,74,176,2,16,91,19,14,1286,1,5
2020-08-30,23,4,EX0201,OB,473,591.455366446683,47.9833333333333,158.454545454545,19,27,130,73,0,14,100,17,13,885,0.5,11
2020-08-30,23,4,EX0215,OB,645,761.311475409836,50.8333333333333,110.9375,20.5625,99,52,19,4,9,97,9,10,442,1,15
2020-08-30,23,4,EX0216,OB,645,907.385697538101,42.65,119.428571428571,17.0714285714286,64,45,86,6,18,104,23,16,746,0.5,15
2020-08-30,24,5,EX0140,OB,817,911.717296962182,53.7666666666667,114.105263157895,25.3684210526316,75,22,92,5,21,89,22,19,992,0.5,19
2020-08-30,24,5,EX0141,OB,0,0,0,0,0,0,0,0,0,0,0,0,0,0,0,0
2020-08-30,24,5,EX0157,OB,817,1040.39617969579,47.1166666666667,105.058823529412,26.1176470588235,79,41,33,5,23,107,26,23,344,1,19
2020-08-30,24,5,EX0158,OB,774,812.835472578763,57.1333333333333,113.823529411765,30.7647058823529,76,40,75,3,15,97,21,14,877,0.5,18
2020-08-30,24,5,EX0176,COAL,665,665.184773548208,59.9833333333333,333.714285714286,33.2857142857143,74,0,142,9,20,92,19,21,1262,0.5,7
2020-08-30,24,5,EX0192,OB,688,688.191164212281,59.9833333333333,143.555555555556,15.2777777777778,76,33,128,7,27,101,27,28,622,0.5,16
2020-08-30,24,5,EX0200,COAL,950,950.263962211725,59.9833333333333,285.083333333333,18.3333333333333,55,67,103,1,15,86,18,18,1020,0.5,10
2020-08-30,24,5,EX0201,OB,645,680.938416422287,56.8333333333333,162.6,30.4,85,61,85,0,18,103,24,16,819,0.5,15
2020-08-30,24,5,EX0215,OB,860,925.837320574163,55.7333333333333,107.65,19.5,70,36,22,3,11,103,12,10,354,1,20
2020-08-30,24,5,EX0216,OB,860,945.343511450382,54.5833333333333,109.1,15.55,73,33,41,6,17,102,18,17,780,0.5,20
2020-08-30,1,6,EX0172,OB,0,0,0,0,0,0,0,0,0,0,0,0,0,0,0,0
2020-08-30,2,7,EX0172,OB,0,0,0,0,0,0,0,0,0,0,0,0,0,0,0,0
2020-08-30,3,8,EX0172,OB,349,440.070052539405,47.5833333333333,125,13,43,42,26,5,21,111,27,15,873,0.5,10
2020-08-30,4,9,EX0172,OB,374,402.390914524806,55.7666666666667,128,20.6153846153846,63,61,100,4,15,101,17,14,1121,0.5,11
2020-08-30,5,10,EX0172,OB,544,544.151153098083,59.9833333333333,150.235294117647,22.3529411764706,73,38,49,6,16,95,20,15,983,1,16
2020-08-30,6,11,EX0172,OB,306,527.333652465294,34.8166666666667,158.714285714286,27.1428571428571,72,75,35,4,18,98,23,14,961,0.5,9
2020-08-30,7,12,EX0172,OB,170,396.116504854369,25.75,126.666666666667,25,73,31,251,10,16,102,18,27,1038,0.5,5
2020-08-30,8,13,EX0172,OB,340,403.560830860534,50.55,146.416666666667,25.4166666666667,69,61,149,7,17,96,21,15,1036,0.5,10
2020-08-30,9,14,EX0172,OB,544,581.300089047195,56.15,140.066666666667,33.2666666666667,75,39,89,3,17,92,21,14,1029,0.5,16
2020-08-30,10,15,EX0172,OB,408,472.434866516565,51.8166666666667,152.538461538462,27.1538461538462,95,85,53,4,16,98,20,13,997,0.5,12
2020-08-30,11,16,EX0172,OB,442,442.122811892192,59.9833333333333,141.071428571429,25.8571428571429,81,89,25,1,16,101,21,13,945,0.5,13
2020-08-30,12,17,EX0172,OB,442,557.142857142857,47.6,135.083333333333,19.9166666666667,132,97,39,1,14,101,20,13,1045,0.5,13
2020-08-30,13,18,EX0172,OB,476,560,51,139.285714285714,21.0714285714286,77,73,96,0,14,101,17,12,1101,0.5,14
2020-08-30,14,19,EX0172,OB,442,535.397039030956,49.5333333333333,132.083333333333,21,96,126,35,1,16,102,18,17,1051,0.5,13
2020-08-30,15,20,EX0172,OB,190,207.776427703524,54.8666666666667,177.909090909091,34.4545454545455,70,60,16,0,18,95,23,15,1039,1,2
2020-08-30,16,21,EX0172,OB,0,0,0,0,0,0,0,0,0,0,0,0,0,0,0.5,8
2020-08-30,17,22,EX0172,OB,0,0,0,0,0,0,0,0,0,0,0,0,0,0,1,10
2020-08-30,18,23,EX0172,OB,0,0,0,0,0,0,0,0,0,0,0,0,0,0,1,9
2020-08-30,19,0,EX0172,OB,0,0,0,0,0,0,0,0,0,0,0,0,0,0,0.5,8
2020-08-30,20,1,EX0172,OB,0,0,0,0,0,0,0,0,0,0,0,0,0,0,0.5,4
2020-08-30,21,2,EX0172,OB,0,0,0,0,0,0,0,0,0,0,0,0,0,0,0.5,7
2020-08-30,22,3,EX0172,OB,0,0,0,0,0,0,0,0,0,0,0,0,0,0,0.5,6
2020-08-30,23,4,EX0172,OB,0,0,0,0,0,0,0,0,0,0,0,0,0,0,0.5,7
2020-08-30,24,5,EX0172,OB,0,0,0,0,0,0,0,0,0,0,0,0,0,0,0.5,7
2020-08-30,1,6,EX0172,COAL,0,0,0,0,0,0,0,0,0,0,0,0,0,0,0,0
2020-08-30,2,7,EX0172,COAL,0,0,0,0,0,0,0,0,0,0,0,0,0,0,0,0
2020-08-30,3,8,EX0172,COAL,0,0,0,0,0,0,0,0,0,0,0,0,0,0,0.5,10
2020-08-30,4,9,EX0172,COAL,0,0,0,0,0,0,0,0,0,0,0,0,0,0,0.5,11
2020-08-30,5,10,EX0172,COAL,0,0,0,0,0,0,0,0,0,0,0,0,0,0,1,16
2020-08-30,6,11,EX0172,COAL,0,0,0,0,0,0,0,0,0,0,0,0,0,0,0.5,9
2020-08-30,7,12,EX0172,COAL,0,0,0,0,0,0,0,0,0,0,0,0,0,0,0.5,5
2020-08-30,8,13,EX0172,COAL,0,0,0,0,0,0,0,0,0,0,0,0,0,0,0.5,10
2020-08-30,9,14,EX0172,COAL,0,0,0,0,0,0,0,0,0,0,0,0,0,0,0.5,16
2020-08-30,10,15,EX0172,COAL,0,0,0,0,0,0,0,0,0,0,0,0,0,0,0.5,12
2020-08-30,11,16,EX0172,COAL,0,0,0,0,0,0,0,0,0,0,0,0,0,0,0.5,13
2020-08-30,12,17,EX0172,COAL,0,0,0,0,0,0,0,0,0,0,0,0,0,0,0.5,13
2020-08-30,13,18,EX0172,COAL,0,0,0,0,0,0,0,0,0,0,0,0,0,0,0.5,14
2020-08-30,14,19,EX0172,COAL,0,0,0,0,0,0,0,0,0,0,0,0,0,0,0.5,13
2020-08-30,15,20,EX0172,COAL,190,207.776427703524,54.8666666666667,177.909090909091,34.4545454545455,70,60,16,0,18,95,23,15,1039,1,2
2020-08-30,16,21,EX0172,COAL,760,760.21116976938,59.9833333333333,283.4,32.3,111,16,70,50,21,89,28,17,1362,0.5,8
2020-08-30,17,22,EX0172,COAL,950,950.263962211725,59.9833333333333,283.111111111111,34.6666666666667,145,54,62,62,24,85,36,16,1304,1,10
2020-08-30,18,23,EX0172,COAL,855,855.237565990553,59.9833333333333,274.222222222222,36.7777777777778,136,85,48,29,22,89,32,15,1266,1,9
2020-08-30,19,0,EX0172,COAL,760,782.832618025751,58.25,275.285714285714,29,68,130,17,0,19,90,20,17,1246,0.5,8
2020-08-30,20,1,EX0172,COAL,380,812.83422459893,28.05,310.75,44.5,76,79,5,1,19,82,22,17,1130,0.5,4
2020-08-30,21,2,EX0172,COAL,665,665.184773548208,59.9833333333333,289,39.4285714285714,164,70,138,87,21,88,26,19,1257,0.5,7
2020-08-30,22,3,EX0172,COAL,570,659.807073954984,51.8333333333333,299.285714285714,19.1428571428571,70,129,107,1,17,84,19,16,1364,0.5,6
2020-08-30,23,4,EX0172,COAL,665,897.974493623406,44.4333333333333,298.333333333333,23.5,78,100,155,5,18,85,20,16,1421,0.5,7
2020-08-30,24,5,EX0172,COAL,665,665.184773548208,59.9833333333333,316.142857142857,38.1428571428571,79,80,103,9,17,85,18,16,1374,0.5,7
2020-08-30,1,6,EX0175,COAL,0,0,0,0,0,0,0,0,0,0,0,0,0,0,0,0
2020-08-30,2,7,EX0175,COAL,0,0,0,0,0,0,0,0,0,0,0,0,0,0,0,0
2020-08-30,3,8,EX0175,COAL,0,0,0,0,0,0,0,0,0,0,0,0,0,0,0,0
2020-08-30,4,9,EX0175,COAL,0,0,0,0,0,0,0,0,0,0,0,0,0,0,0,0
2020-08-30,5,10,EX0175,COAL,0,0,0,0,0,0,0,0,0,0,0,0,0,0,0,0
2020-08-30,6,11,EX0175,COAL,0,0,0,0,0,0,0,0,0,0,0,0,0,0,0,0
2020-08-30,7,12,EX0175,COAL,0,0,0,0,0,0,0,0,0,0,0,0,0,0,0,0
2020-08-30,8,13,EX0175,COAL,0,0,0,0,0,0,0,0,0,0,0,0,0,0,0,0
2020-08-30,9,14,EX0175,COAL,0,0,0,0,0,0,0,0,0,0,0,0,0,0,0,0
2020-08-30,10,15,EX0175,COAL,0,0,0,0,0,0,0,0,0,0,0,0,0,0,0,0
2020-08-30,11,16,EX0175,COAL,0,0,0,0,0,0,0,0,0,0,0,0,0,0,0,0
2020-08-30,12,17,EX0175,COAL,0,0,0,0,0,0,0,0,0,0,0,0,0,0,0,0
2020-08-30,13,18,EX0175,COAL,0,0,0,0,0,0,0,0,0,0,0,0,0,0,0,0
2020-08-30,14,19,EX0175,COAL,0,0,0,0,0,0,0,0,0,0,0,0,0,0,0,0
2020-08-30,15,20,EX0175,COAL,0,0,0,0,0,0,0,0,0,0,0,0,0,0,0,0
2020-08-30,16,21,EX0175,COAL,0,0,0,0,0,0,0,0,0,0,0,0,0,0,0,0
2020-08-30,17,22,EX0175,COAL,285,562.5,30.4,283.75,14.25,75,13,14,12,17,97,15,24,1594,0.5,3
2020-08-30,18,23,EX0175,COAL,855,1234.16198877306,41.5666666666667,253.5,21.25,63,80,19,6,32,91,32,32,892,0.5,9
2020-08-30,19,0,EX0175,COAL,380,838.235294117647,27.2,256.4,23.6,70,39,6,0,26,99,26,27,798,0.5,4
2020-08-30,20,1,EX0175,COAL,665,752.830188679245,53,278.222222222222,22.5555555555556,88,18,51,14,27,95,30,25,972,0.5,7
2020-08-30,21,2,EX0175,COAL,0,0,0,0,0,0,0,0,0,0,0,0,0,0,0,0
2020-08-30,22,3,EX0175,COAL,950,950.263962211725,59.9833333333333,269.454545454545,22.8181818181818,72,22,165,2,26,94,28,25,1027,0.5,10
2020-08-30,23,4,EX0175,COAL,760,982.405745062837,46.4166666666667,265.625,23.5,100,77,22,9,25,94,26,24,969,0.5,8
2020-08-30,24,5,EX0175,COAL,855,855.237565990553,59.9833333333333,275.1,20.3,71,119,38,2,26,94,25,28,950,0.5,9
2020-08-31,1,6,EX0140,OB,731,748.464163822526,58.6,112.071428571429,16.7142857142857,57,83,69,4,16,89,17,18,1186,0.5,17
2020-08-31,1,6,EX0157,OB,688,715.631320427622,57.6833333333333,111.235294117647,23.1176470588235,83,67,46,16,15,92,16,14,541,1,16
2020-08-31,1,6,EX0158,OB,774,802.072538860104,57.9,116.5,22.1111111111111,39,23,94,2,17,88,23,14,802,0.5,18
2020-08-31,1,6,EX0172,COAL,760,826.336454243431,55.1833333333333,262.666666666667,19,38,277,1,0,11,78,10,14,1335,0.5,8
2020-08-31,1,6,EX0175,COAL,760,926.201760324983,49.2333333333333,246.5,25,73,94,179,1,25,94,29,26,1072,0.5,8
2020-08-31,1,6,EX0176,COAL,760,760.21116976938,59.9833333333333,297.222222222222,33.2222222222222,95,39,100,39,22,90,20,25,1086,0.5,8
2020-08-31,1,6,EX0192,OB,602,619.376964847099,58.3166666666667,153.846153846154,19.4615384615385,98,53,31,34,20,99,20,21,708,0.5,14
2020-08-31,1,6,EX0200,COAL,950,1101.80412371134,51.7333333333333,259.166666666667,26.8333333333333,64,106,185,10,20,85,19,12,1702,0.5,10
2020-08-31,1,6,EX0201,OB,516,562.057488653555,55.0833333333333,167,25.6363636363636,29,58,79,0,15,100,16,18,1021,0.5,12
2020-08-31,1,6,EX0215,OB,989,1027.23600692441,57.7666666666667,105.727272727273,19.4090909090909,92,11,46,17,9,110,9,12,449,1,23
2020-08-31,1,6,EX0216,OB,688,785.039619651347,52.5833333333333,118.769230769231,13.1538461538462,52,64,105,2,19,106,21,19,853,0.5,16
2020-08-31,2,7,EX0140,OB,989,989.274798555154,59.9833333333333,111.052631578947,20.1578947368421,56,54,44,2,17,91,20,16,997,0.5,23
2020-08-31,2,7,EX0157,OB,817,879.01972504483,55.7666666666667,122.052631578947,17,70,3,99,3,16,90,17,14,481,0.5,19
2020-08-31,2,7,EX0158,OB,989,989.274798555154,59.9833333333333,106.521739130435,21.0434782608696,40,28,66,1,19,85,28,15,722,0.5,23
2020-08-31,2,7,EX0172,COAL,665,665.184773548208,59.9833333333333,342,49.4285714285714,75,71,134,5,23,83,24,16,1435,0.5,7
2020-08-31,2,7,EX0175,COAL,950,1017.25163593099,56.0333333333333,267.111111111111,20.8888888888889,91,61,33,5,25,101,25,24,1033,0.5,10
2020-08-31,2,7,EX0176,COAL,1045,1045.2903584329,59.9833333333333,295.444444444444,23.8888888888889,73,53,25,3,22,91,29,19,1013,0.5,11
2020-08-31,2,7,EX0192,OB,731,731.203111975549,59.9833333333333,151.470588235294,18.8823529411765,69,20,38,5,23,98,24,22,616,0.5,17
2020-08-31,2,7,EX0200,COAL,760,760.21116976938,59.9833333333333,278.777777777778,39.2222222222222,102,5,219,6,14,90,15,14,1422,1,8
2020-08-31,2,7,EX0201,OB,688,726.760563380282,56.8,166.125,20.6875,54,4,99,0,20,97,24,18,815,0.5,16
2020-08-31,2,7,EX0215,OB,1161,1187.38636363636,58.6666666666667,106.111111111111,19.3703703703704,82,0,55,2,9,115,8,10,394,0.5,27
2020-08-31,2,7,EX0216,OB,946,949.693251533742,59.7666666666667,114.9,14.7,51,46,64,9,17,108,19,15,854,0.5,22
2020-08-31,3,8,EX0140,OB,817,817.227007502084,59.9833333333333,114.684210526316,24.4736842105263,65,27,74,5,19,88,21,18,1066,0.5,19
2020-08-31,3,8,EX0157,OB,989,989.274798555154,59.9833333333333,118,16.9130434782609,66,15,41,3,14,92,17,14,447,0.5,23
2020-08-31,3,8,EX0158,OB,946,946.262850791887,59.9833333333333,107.227272727273,15.1818181818182,65,14,81,3,19,83,21,22,737,0.5,22
2020-08-31,3,8,EX0172,COAL,570,570.158377327035,59.9833333333333,308.833333333333,46.6666666666667,47,77,244,1,17,82,21,15,1718,0.5,6
2020-08-31,3,8,EX0175,COAL,1045,1045.2903584329,59.9833333333333,268.727272727273,27.0909090909091,84,20,46,8,27,99,30,25,919,0.5,11
2020-08-31,3,8,EX0176,COAL,855,855.237565990553,59.9833333333333,336.2,18.2,82,5,64,6,23,95,25,22,1031,0.5,9
2020-08-31,3,8,EX0192,OB,688,688.191164212281,59.9833333333333,156.125,19.5625,67,25,48,2,24,96,25,23,637,0.5,16
2020-08-31,3,8,EX0200,COAL,855,855.237565990553,59.9833333333333,303.222222222222,38.5555555555556,96,27,74,5,23,96,25,15,1363,1,9
2020-08-31,3,8,EX0201,OB,774,774.215059738816,59.9833333333333,162.444444444444,20.2777777777778,67,2,73,1,21,97,26,19,746,0.5,18
2020-08-31,3,8,EX0215,OB,1075,1075.29869408169,59.9833333333333,105.56,19.04,61,5,49,1,10,113,10,12,371,1,25
2020-08-31,3,8,EX0216,OB,860,862.395543175487,59.8333333333333,111.894736842105,13.8947368421053,105,71,54,24,18,103,21,20,800,0.5,20
2020-08-31,4,9,EX0140,OB,903,903.250903028619,59.9833333333333,112.388888888889,19.5,48,58,79,3,19,88,21,18,1074,0.5,21
2020-08-31,4,9,EX0157,OB,989,989.274798555154,59.9833333333333,120.608695652174,18.6521739130435,67,4,70,4,16,96,16,17,443,0.5,23
2020-08-31,4,9,EX0158,OB,903,903.250903028619,59.9833333333333,101.136363636364,22.2727272727273,88,10,85,22,20,87,23,18,732,0.5,21
2020-08-31,4,9,EX0172,COAL,665,665.184773548208,59.9833333333333,322.285714285714,30.5714285714286,73,133,133,1,19,93,22,16,1339,0.5,7
2020-08-31,4,9,EX0175,COAL,855,910.920390648121,56.3166666666667,256.111111111111,18.1111111111111,97,119,6,5,24,96,27,23,1043,0.5,9
2020-08-31,4,9,EX0176,COAL,855,944.461491254986,54.3166666666667,304.888888888889,25.6666666666667,73,19,50,8,23,89,22,20,930,0.5,9
2020-08-31,4,9,EX0192,OB,731,731.203111975549,59.9833333333333,164.470588235294,20.6470588235294,64,14,31,2,25,100,26,24,607,0.5,17
2020-08-31,4,9,EX0200,COAL,570,697.484704282801,49.0333333333333,304.2,40,85,162,67,2,24,93,24,16,1767,0.5,6
2020-08-31,4,9,EX0201,OB,688,688.191164212281,59.9833333333333,176.470588235294,24.6470588235294,78,0,88,4,20,99,25,18,796,0.5,16
2020-08-31,4,9,EX0215,OB,1075,1075.29869408169,59.9833333333333,100.708333333333,17.125,49,50,9,1,12,108,13,14,292,0.5,25
2020-08-31,4,9,EX0216,OB,860,860.238955265351,59.9833333333333,118.25,16.9,88,31,68,26,19,106,24,18,796,0.5,20
2020-08-31,5,10,EX0140,OB,946,946.262850791887,59.9833333333333,108.444444444444,26.9444444444444,54,39,76,5,20,90,21,19,1041,0.5,22
2020-08-31,5,10,EX0157,OB,946,946.262850791887,59.9833333333333,117,16.0454545454545,75,16,49,6,20,99,22,20,355,1,22
2020-08-31,5,10,EX0158,OB,946,946.262850791887,59.9833333333333,103.863636363636,20.6363636363636,61,15,48,7,18,87,24,15,705,0.5,22
2020-08-31,5,10,EX0172,COAL,665,665.184773548208,59.9833333333333,340.5,26.5,85,175,41,13,18,92,24,14,1307,0.5,7
2020-08-31,5,10,EX0175,COAL,950,950.263962211725,59.9833333333333,255.8,22.8,78,74,14,3,24,95,27,23,982,0.5,10
2020-08-31,5,10,EX0176,COAL,950,950.263962211725,59.9833333333333,326.333333333333,18.7777777777778,81,24,81,10,22,93,24,22,1062,0.5,10
2020-08-31,5,10,EX0192,OB,602,649.835082458771,55.5833333333333,146.214285714286,29,69,16,102,7,23,94,24,23,665,0.5,14
2020-08-31,5,10,EX0200,COAL,760,791.208791208791,57.6333333333333,286.555555555556,23.3333333333333,76,64,63,1,18,90,22,14,1135,0.5,8
2020-08-31,5,10,EX0201,OB,731,731.203111975549,59.9833333333333,160.294117647059,22.1176470588235,74,22,42,1,19,98,22,17,782,0.5,17
2020-08-31,5,10,EX0215,OB,989,989.274798555154,59.9833333333333,97.1739130434783,17.7826086956522,58,39,24,1,16,103,18,15,552,0.5,23
2020-08-31,5,10,EX0216,OB,817,907.217766810611,54.0333333333333,114,16.5625,73,62,68,6,21,102,25,18,890,0.5,19
2020-08-31,6,11,EX0140,OB,688,688.191164212281,59.9833333333333,112.529411764706,18.1176470588235,89,59,78,2,20,85,18,23,1043,0.5,16
2020-08-31,6,11,EX0157,OB,387,854.723926380368,27.1666666666667,119.5,16.75,69,49,19,3,16,95,18,16,389,0.5,9
2020-08-31,6,11,EX0158,OB,903,929.331046312178,58.3,107,26.95,67,4,82,5,18,84,22,16,739,0.5,21
2020-08-31,6,11,EX0172,COAL,665,665.184773548208,59.9833333333333,337,36.4285714285714,67,136,80,1,18,95,23,15,1285,0.5,7
2020-08-31,6,11,EX0175,COAL,760,1134.32835820896,40.2,248.142857142857,20.2857142857143,90,75,18,2,25,93,27,23,960,0.5,8
2020-08-31,6,11,EX0176,COAL,285,828.75605815832,20.6333333333333,334.666666666667,20.6666666666667,65,8,34,0,21,94,20,22,857,0.5,3
2020-08-31,6,11,EX0192,OB,559,613.349588540079,54.6833333333333,169.692307692308,26.9230769230769,64,48,113,12,18,91,18,19,737,0.5,13
2020-08-31,6,11,EX0200,COAL,760,786.658999424957,57.9666666666667,290,19.4285714285714,83,147,20,7,22,90,24,13,1313,0.5,8
2020-08-31,6,11,EX0201,OB,645,727.899686520376,53.1666666666667,161.846153846154,24.3846153846154,76,23,90,2,19,98,23,17,836,0.5,15
2020-08-31,6,11,EX0215,OB,1032,1032.28674631842,59.9833333333333,96.6666666666667,17.0833333333333,69,29,27,4,19,104,21,18,519,0.5,24
2020-08-31,6,11,EX0216,OB,688,809.676364825106,50.9833333333333,107.166666666667,17.1111111111111,98,69,75,13,19,98,22,19,824,0.5,16
2020-08-31,7,12,EX0140,OB,688,837.889039242219,49.2666666666667,118.733333333333,24.9333333333333,65,42,74,2,18,93,19,18,1105,0.5,16
2020-08-31,7,12,EX0157,OB,344,575.46468401487,35.8666666666667,116,18.125,79,71,80,9,16,90,16,18,556,0.5,8
2020-08-31,7,12,EX0158,OB,860,881.800056963828,58.5166666666667,104.8,24.3,64,49,69,4,18,83,21,15,725,0.5,20
2020-08-31,7,12,EX0172,COAL,665,665.184773548208,59.9833333333333,348.5,34.5,56,140,46,1,27,87,30,16,1353,0.5,7
2020-08-31,7,12,EX0175,COAL,285,719.495091164095,23.7666666666667,241,15,91,137,0,7,20,93,19,24,880,0.5,3
2020-08-31,7,12,EX0176,COAL,570,588.134135855546,58.15,360.428571428571,29.8571428571429,96,10,255,26,18,88,18,20,1333,0.5,6
2020-08-31,7,12,EX0192,OB,559,559.155320922479,59.9833333333333,181.615384615385,23.5384615384615,76,24,94,9,22,102,23,22,732,0.5,13
2020-08-31,7,12,EX0200,COAL,570,1129.33406714364,30.2833333333333,257.4,22.8,98,76,28,9,28,92,41,16,1110,0.5,6
2020-08-31,7,12,EX0201,OB,473,585.96008258775,48.4333333333333,171.727272727273,25.1818181818182,82,46,84,11,17,92,19,16,888,0.5,11
2020-08-31,7,12,EX0215,OB,645,978.096040438079,39.5666666666667,102.428571428571,17.5714285714286,69,38,75,7,21,102,23,20,625,0.5,15
2020-08-31,7,12,EX0216,OB,645,967.5,40,119.333333333333,13.1333333333333,72,52,73,11,22,106,23,22,742,0.5,15
2020-08-31,8,13,EX0140,OB,516,835.251798561151,37.0666666666667,109.166666666667,23.6666666666667,78,81,27,6,19,91,19,20,1052,0.5,12
2020-08-31,8,13,EX0157,OB,774,774.215059738816,59.9833333333333,120.684210526316,18.0526315789474,75,45,10,2,15,89,14,18,375,0.5,18
2020-08-31,8,13,EX0158,OB,688,924.524076147816,44.65,100.6875,18.875,62,55,45,3,21,85,22,19,674,0.5,16
2020-08-31,8,13,EX0172,COAL,570,965.647058823529,35.4166666666667,329.25,21,45,160,241,1,17,90,22,14,1695,0.5,6
2020-08-31,8,13,EX0175,COAL,950,994.475138121547,57.3166666666667,240.4,17.4,76,110,23,1,25,93,28,24,906,1,10
2020-08-31,8,13,EX0176,COAL,760,760.21116976938,59.9833333333333,374.125,35.375,77,29,47,3,20,87,21,20,1165,1,8
2020-08-31,8,13,EX0192,OB,516,516.143373159211,59.9833333333333,198.583333333333,28.9166666666667,77,2,158,9,22,100,24,21,820,0.5,12
2020-08-31,8,13,EX0200,COAL,665,687.535898908673,58.0333333333333,262.888888888889,21,97,119,90,28,17,94,20,17,1162,0.5,7
2020-08-31,8,13,EX0201,OB,516,516.143373159211,59.9833333333333,194.285714285714,19.3571428571429,74,5,121,3,17,97,19,17,924,0.5,12
2020-08-31,8,13,EX0215,OB,903,964.629080118694,56.1666666666667,100.608695652174,15.3478260869565,59,20,101,1,20,103,22,19,570,0.5,21
2020-08-31,8,13,EX0216,OB,903,928.00456751356,58.3833333333333,123.333333333333,16.9047619047619,72,13,78,9,20,101,22,20,780,0.5,21
2020-08-31,9,14,EX0140,OB,774,799.770378874857,58.0666666666667,114.315789473684,19.4736842105263,69,15,194,6,22,87,22,21,991,0.5,18
2020-08-31,9,14,EX0157,OB,774,774.215059738816,59.9833333333333,119.882352941176,16.9411764705882,80,56,44,12,14,92,16,14,521,0.5,18
2020-08-31,9,14,EX0158,OB,946,946.262850791887,59.9833333333333,103,21.3181818181818,61,13,86,3,19,84,23,17,736,0.5,22
2020-08-31,9,14,EX0172,COAL,570,731.811697574893,46.7333333333333,313.428571428571,25,73,118,63,1,17,93,18,16,1306,0.5,6
2020-08-31,9,14,EX0175,COAL,950,950.263962211725,59.9833333333333,258,18.8,78,70,53,3,27,94,30,23,1030,0.5,10
2020-08-31,9,14,EX0176,COAL,665,665.184773548208,59.9833333333333,387.142857142857,27.5714285714286,69,90,160,3,18,90,18,21,1271,0.5,7
2020-08-31,9,14,EX0192,OB,197,445.477386934673,26.5333333333333,180.166666666667,29,73,45,108,2,18,99,14,19,786,0.5,5
2020-08-31,9,14,EX0200,COAL,760,850.746268656716,53.6,305.75,31.25,74,61,72,5,28,98,30,17,1229,0.5,8
2020-08-31,9,14,EX0201,OB,645,699.608315757758,55.3166666666667,183.142857142857,23.3571428571429,66,37,83,4,16,94,17,16,872,0.5,15
2020-08-31,9,14,EX0215,OB,774,994.077773813771,46.7166666666667,99.4444444444444,16.6111111111111,72,43,48,4,20,101,22,19,593,0.5,18
2020-08-31,9,14,EX0216,OB,817,829.675599435825,59.0833333333333,110.947368421053,20.5263157894737,58,19,96,4,20,104,21,19,747,0.5,19
2020-08-31,10,15,EX0140,OB,0,0,0,0,0,0,0,0,0,0,0,0,0,0,0,0
2020-08-31,10,15,EX0157,OB,0,0,0,0,0,0,0,0,0,0,0,0,0,0,0,0
2020-08-31,10,15,EX0158,OB,0,0,0,0,0,0,0,0,0,0,0,0,0,0,0,0
2020-08-31,10,15,EX0172,COAL,0,0,0,0,0,0,0,0,0,0,0,0,0,0,0,0
2020-08-31,10,15,EX0175,COAL,0,0,0,0,0,0,0,0,0,0,0,0,0,0,0,0
2020-08-31,10,15,EX0176,COAL,0,0,0,0,0,0,0,0,0,0,0,0,0,0,0,0
2020-08-31,10,15,EX0192,OB,0,0,0,0,0,0,0,0,0,0,0,0,0,0,0,0
2020-08-31,10,15,EX0200,COAL,0,0,0,0,0,0,0,0,0,0,0,0,0,0,0,0
2020-08-31,10,15,EX0201,OB,0,0,0,0,0,0,0,0,0,0,0,0,0,0,0,0
2020-08-31,10,15,EX0215,OB,0,0,0,0,0,0,0,0,0,0,0,0,0,0,0,0
2020-08-31,10,15,EX0216,OB,0,0,0,0,0,0,0,0,0,0,0,0,0,0,0,0
2020-08-31,11,16,EX0140,OB,0,0,0,0,0,0,0,0,0,0,0,0,0,0,0,0
2020-08-31,11,16,EX0157,OB,0,0,0,0,0,0,0,0,0,0,0,0,0,0,0,0
2020-08-31,11,16,EX0158,OB,0,0,0,0,0,0,0,0,0,0,0,0,0,0,0,0
2020-08-31,11,16,EX0172,COAL,0,0,0,0,0,0,0,0,0,0,0,0,0,0,0,0
2020-08-31,11,16,EX0175,COAL,0,0,0,0,0,0,0,0,0,0,0,0,0,0,0,0
2020-08-31,11,16,EX0176,COAL,0,0,0,0,0,0,0,0,0,0,0,0,0,0,0,0
2020-08-31,11,16,EX0192,OB,0,0,0,0,0,0,0,0,0,0,0,0,0,0,0,0
2020-08-31,11,16,EX0200,COAL,0,0,0,0,0,0,0,0,0,0,0,0,0,0,0,0
2020-08-31,11,16,EX0201,OB,0,0,0,0,0,0,0,0,0,0,0,0,0,0,0,0
2020-08-31,11,16,EX0215,OB,0,0,0,0,0,0,0,0,0,0,0,0,0,0,0,0
2020-08-31,11,16,EX0216,OB,0,0,0,0,0,0,0,0,0,0,0,0,0,0,0,0
2020-08-31,12,17,EX0140,OB,0,0,0,0,0,0,0,0,0,0,0,0,0,0,0,0
2020-08-31,12,17,EX0157,OB,0,0,0,0,0,0,0,0,0,0,0,0,0,0,0,0
2020-08-31,12,17,EX0158,OB,0,0,0,0,0,0,0,0,0,0,0,0,0,0,0,0
2020-08-31,12,17,EX0172,COAL,0,0,0,0,0,0,0,0,0,0,0,0,0,0,0,0
2020-08-31,12,17,EX0175,COAL,0,0,0,0,0,0,0,0,0,0,0,0,0,0,0,0
2020-08-31,12,17,EX0176,COAL,0,0,0,0,0,0,0,0,0,0,0,0,0,0,0,0
2020-08-31,12,17,EX0192,OB,0,0,0,0,0,0,0,0,0,0,0,0,0,0,0,0
2020-08-31,12,17,EX0200,COAL,0,0,0,0,0,0,0,0,0,0,0,0,0,0,0,0
2020-08-31,12,17,EX0201,OB,0,0,0,0,0,0,0,0,0,0,0,0,0,0,0,0
2020-08-31,12,17,EX0215,OB,0,0,0,0,0,0,0,0,0,0,0,0,0,0,0,0
2020-08-31,12,17,EX0216,OB,0,0,0,0,0,0,0,0,0,0,0,0,0,0,0,0
2020-08-31,13,18,EX0140,OB,0,0,0,0,0,0,0,0,0,0,0,0,0,0,0,0
2020-08-31,13,18,EX0157,OB,0,0,0,0,0,0,0,0,0,0,0,0,0,0,0,0
2020-08-31,13,18,EX0158,OB,0,0,0,0,0,0,0,0,0,0,0,0,0,0,0,0
2020-08-31,13,18,EX0172,COAL,0,0,0,0,0,0,0,0,0,0,0,0,0,0,0,0
2020-08-31,13,18,EX0175,COAL,0,0,0,0,0,0,0,0,0,0,0,0,0,0,0,0
2020-08-31,13,18,EX0176,COAL,0,0,0,0,0,0,0,0,0,0,0,0,0,0,0,0
2020-08-31,13,18,EX0192,OB,0,0,0,0,0,0,0,0,0,0,0,0,0,0,0,0
2020-08-31,13,18,EX0200,COAL,0,0,0,0,0,0,0,0,0,0,0,0,0,0,0,0
2020-08-31,13,18,EX0201,OB,0,0,0,0,0,0,0,0,0,0,0,0,0,0,0,0
2020-08-31,13,18,EX0215,OB,0,0,0,0,0,0,0,0,0,0,0,0,0,0,0,0
2020-08-31,13,18,EX0216,OB,0,0,0,0,0,0,0,0,0,0,0,0,0,0,0,0
2020-08-31,14,19,EX0140,OB,0,0,0,0,0,0,0,0,0,0,0,0,0,0,0,0
2020-08-31,14,19,EX0157,OB,0,0,0,0,0,0,0,0,0,0,0,0,0,0,0,0
2020-08-31,14,19,EX0158,OB,0,0,0,0,0,0,0,0,0,0,0,0,0,0,0,0
2020-08-31,14,19,EX0172,COAL,0,0,0,0,0,0,0,0,0,0,0,0,0,0,0,0
2020-08-31,14,19,EX0175,COAL,0,0,0,0,0,0,0,0,0,0,0,0,0,0,0,0
2020-08-31,14,19,EX0176,COAL,0,0,0,0,0,0,0,0,0,0,0,0,0,0,0,0
2020-08-31,14,19,EX0192,OB,0,0,0,0,0,0,0,0,0,0,0,0,0,0,0,0
2020-08-31,14,19,EX0200,COAL,0,0,0,0,0,0,0,0,0,0,0,0,0,0,0,0
2020-08-31,14,19,EX0201,OB,0,0,0,0,0,0,0,0,0,0,0,0,0,0,0,0
2020-08-31,14,19,EX0215,OB,0,0,0,0,0,0,0,0,0,0,0,0,0,0,0,0
2020-08-31,14,19,EX0216,OB,0,0,0,0,0,0,0,0,0,0,0,0,0,0,0,0
2020-08-31,15,20,EX0140,OB,0,0,0,0,0,0,0,0,0,0,0,0,0,0,0,0
2020-08-31,15,20,EX0157,OB,0,0,0,0,0,0,0,0,0,0,0,0,0,0,0,0
2020-08-31,15,20,EX0158,OB,0,0,0,0,0,0,0,0,0,0,0,0,0,0,0,0
2020-08-31,15,20,EX0172,COAL,0,0,0,0,0,0,0,0,0,0,0,0,0,0,0,0
2020-08-31,15,20,EX0175,COAL,0,0,0,0,0,0,0,0,0,0,0,0,0,0,0,0
2020-08-31,15,20,EX0176,COAL,0,0,0,0,0,0,0,0,0,0,0,0,0,0,0,0
2020-08-31,15,20,EX0192,OB,0,0,0,0,0,0,0,0,0,0,0,0,0,0,0,0
2020-08-31,15,20,EX0200,COAL,0,0,0,0,0,0,0,0,0,0,0,0,0,0,0,0
2020-08-31,15,20,EX0201,OB,0,0,0,0,0,0,0,0,0,0,0,0,0,0,0,0
2020-08-31,15,20,EX0215,OB,0,0,0,0,0,0,0,0,0,0,0,0,0,0,0,0
2020-08-31,15,20,EX0216,OB,0,0,0,0,0,0,0,0,0,0,0,0,0,0,0,0
2020-08-31,16,21,EX0140,OB,0,0,0,0,0,0,0,0,0,0,0,0,0,0,0,0
2020-08-31,16,21,EX0157,OB,0,0,0,0,0,0,0,0,0,0,0,0,0,0,0,0
2020-08-31,16,21,EX0158,OB,0,0,0,0,0,0,0,0,0,0,0,0,0,0,0,0
2020-08-31,16,21,EX0172,COAL,0,0,0,0,0,0,0,0,0,0,0,0,0,0,0,0
2020-08-31,16,21,EX0175,COAL,0,0,0,0,0,0,0,0,0,0,0,0,0,0,0,0
2020-08-31,16,21,EX0176,COAL,0,0,0,0,0,0,0,0,0,0,0,0,0,0,0,0
2020-08-31,16,21,EX0192,OB,0,0,0,0,0,0,0,0,0,0,0,0,0,0,0,0
2020-08-31,16,21,EX0200,COAL,0,0,0,0,0,0,0,0,0,0,0,0,0,0,0,0
2020-08-31,16,21,EX0201,OB,0,0,0,0,0,0,0,0,0,0,0,0,0,0,0,0
2020-08-31,16,21,EX0215,OB,0,0,0,0,0,0,0,0,0,0,0,0,0,0,0,0
2020-08-31,16,21,EX0216,OB,0,0,0,0,0,0,0,0,0,0,0,0,0,0,0,0
2020-08-31,17,22,EX0140,OB,0,0,0,0,0,0,0,0,0,0,0,0,0,0,0,0
2020-08-31,17,22,EX0157,OB,0,0,0,0,0,0,0,0,0,0,0,0,0,0,0,0
2020-08-31,17,22,EX0158,OB,0,0,0,0,0,0,0,0,0,0,0,0,0,0,0,0
2020-08-31,17,22,EX0172,COAL,0,0,0,0,0,0,0,0,0,0,0,0,0,0,0,0
2020-08-31,17,22,EX0175,COAL,0,0,0,0,0,0,0,0,0,0,0,0,0,0,0,0
2020-08-31,17,22,EX0176,COAL,0,0,0,0,0,0,0,0,0,0,0,0,0,0,0,0
2020-08-31,17,22,EX0192,OB,0,0,0,0,0,0,0,0,0,0,0,0,0,0,0,0
2020-08-31,17,22,EX0200,COAL,0,0,0,0,0,0,0,0,0,0,0,0,0,0,0,0
2020-08-31,17,22,EX0201,OB,0,0,0,0,0,0,0,0,0,0,0,0,0,0,0,0
2020-08-31,17,22,EX0215,OB,0,0,0,0,0,0,0,0,0,0,0,0,0,0,0,0
2020-08-31,17,22,EX0216,OB,0,0,0,0,0,0,0,0,0,0,0,0,0,0,0,0
2020-08-31,18,23,EX0140,OB,0,0,0,0,0,0,0,0,0,0,0,0,0,0,0,0
2020-08-31,18,23,EX0157,OB,0,0,0,0,0,0,0,0,0,0,0,0,0,0,0,0
2020-08-31,18,23,EX0158,OB,0,0,0,0,0,0,0,0,0,0,0,0,0,0,0,0
2020-08-31,18,23,EX0172,COAL,0,0,0,0,0,0,0,0,0,0,0,0,0,0,0,0
2020-08-31,18,23,EX0175,COAL,0,0,0,0,0,0,0,0,0,0,0,0,0,0,0,0
2020-08-31,18,23,EX0176,COAL,0,0,0,0,0,0,0,0,0,0,0,0,0,0,0,0
2020-08-31,18,23,EX0192,OB,0,0,0,0,0,0,0,0,0,0,0,0,0,0,0,0
2020-08-31,18,23,EX0200,COAL,0,0,0,0,0,0,0,0,0,0,0,0,0,0,0,0
2020-08-31,18,23,EX0201,OB,0,0,0,0,0,0,0,0,0,0,0,0,0,0,0,0
2020-08-31,18,23,EX0215,OB,0,0,0,0,0,0,0,0,0,0,0,0,0,0,0,0
2020-08-31,18,23,EX0216,OB,0,0,0,0,0,0,0,0,0,0,0,0,0,0,0,0
2020-08-31,19,0,EX0140,OB,0,0,0,0,0,0,0,0,0,0,0,0,0,0,0,0
2020-08-31,19,0,EX0157,OB,0,0,0,0,0,0,0,0,0,0,0,0,0,0,0,0
2020-08-31,19,0,EX0158,OB,0,0,0,0,0,0,0,0,0,0,0,0,0,0,0,0
2020-08-31,19,0,EX0172,COAL,0,0,0,0,0,0,0,0,0,0,0,0,0,0,0,0
2020-08-31,19,0,EX0175,COAL,0,0,0,0,0,0,0,0,0,0,0,0,0,0,0,0
2020-08-31,19,0,EX0176,COAL,0,0,0,0,0,0,0,0,0,0,0,0,0,0,0,0
2020-08-31,19,0,EX0192,OB,0,0,0,0,0,0,0,0,0,0,0,0,0,0,0,0
2020-08-31,19,0,EX0200,COAL,0,0,0,0,0,0,0,0,0,0,0,0,0,0,0,0
2020-08-31,19,0,EX0201,OB,0,0,0,0,0,0,0,0,0,0,0,0,0,0,0,0
2020-08-31,19,0,EX0215,OB,0,0,0,0,0,0,0,0,0,0,0,0,0,0,0,0
2020-08-31,19,0,EX0216,OB,0,0,0,0,0,0,0,0,0,0,0,0,0,0,0,0
2020-08-31,20,1,EX0140,OB,0,0,0,0,0,0,0,0,0,0,0,0,0,0,0,0
2020-08-31,20,1,EX0157,OB,0,0,0,0,0,0,0,0,0,0,0,0,0,0,0,0
2020-08-31,20,1,EX0158,OB,0,0,0,0,0,0,0,0,0,0,0,0,0,0,0,0
2020-08-31,20,1,EX0172,COAL,0,0,0,0,0,0,0,0,0,0,0,0,0,0,0,0
2020-08-31,20,1,EX0175,COAL,0,0,0,0,0,0,0,0,0,0,0,0,0,0,0,0
2020-08-31,20,1,EX0176,COAL,0,0,0,0,0,0,0,0,0,0,0,0,0,0,0,0
2020-08-31,20,1,EX0192,OB,0,0,0,0,0,0,0,0,0,0,0,0,0,0,0,0
2020-08-31,20,1,EX0200,COAL,0,0,0,0,0,0,0,0,0,0,0,0,0,0,0,0
2020-08-31,20,1,EX0201,OB,0,0,0,0,0,0,0,0,0,0,0,0,0,0,0,0
2020-08-31,20,1,EX0215,OB,0,0,0,0,0,0,0,0,0,0,0,0,0,0,0,0
2020-08-31,20,1,EX0216,OB,0,0,0,0,0,0,0,0,0,0,0,0,0,0,0,0
2020-08-31,21,2,EX0140,OB,0,0,0,0,0,0,0,0,0,0,0,0,0,0,0,0
2020-08-31,21,2,EX0157,OB,0,0,0,0,0,0,0,0,0,0,0,0,0,0,0,0
2020-08-31,21,2,EX0158,OB,0,0,0,0,0,0,0,0,0,0,0,0,0,0,0,0
2020-08-31,21,2,EX0172,COAL,0,0,0,0,0,0,0,0,0,0,0,0,0,0,0,0
2020-08-31,21,2,EX0175,COAL,0,0,0,0,0,0,0,0,0,0,0,0,0,0,0,0
2020-08-31,21,2,EX0176,COAL,0,0,0,0,0,0,0,0,0,0,0,0,0,0,0,0
2020-08-31,21,2,EX0192,OB,0,0,0,0,0,0,0,0,0,0,0,0,0,0,0,0
2020-08-31,21,2,EX0200,COAL,0,0,0,0,0,0,0,0,0,0,0,0,0,0,0,0
2020-08-31,21,2,EX0201,OB,0,0,0,0,0,0,0,0,0,0,0,0,0,0,0,0
2020-08-31,21,2,EX0215,OB,0,0,0,0,0,0,0,0,0,0,0,0,0,0,0,0
2020-08-31,21,2,EX0216,OB,0,0,0,0,0,0,0,0,0,0,0,0,0,0,0,0
2020-08-31,22,3,EX0140,OB,0,0,0,0,0,0,0,0,0,0,0,0,0,0,0,0
2020-08-31,22,3,EX0157,OB,0,0,0,0,0,0,0,0,0,0,0,0,0,0,0,0
2020-08-31,22,3,EX0158,OB,0,0,0,0,0,0,0,0,0,0,0,0,0,0,0,0
2020-08-31,22,3,EX0172,COAL,0,0,0,0,0,0,0,0,0,0,0,0,0,0,0,0
2020-08-31,22,3,EX0175,COAL,0,0,0,0,0,0,0,0,0,0,0,0,0,0,0,0
2020-08-31,22,3,EX0176,COAL,0,0,0,0,0,0,0,0,0,0,0,0,0,0,0,0
2020-08-31,22,3,EX0192,OB,0,0,0,0,0,0,0,0,0,0,0,0,0,0,0,0
2020-08-31,22,3,EX0200,COAL,0,0,0,0,0,0,0,0,0,0,0,0,0,0,0,0
2020-08-31,22,3,EX0201,OB,0,0,0,0,0,0,0,0,0,0,0,0,0,0,0,0
2020-08-31,22,3,EX0215,OB,0,0,0,0,0,0,0,0,0,0,0,0,0,0,0,0
2020-08-31,22,3,EX0216,OB,0,0,0,0,0,0,0,0,0,0,0,0,0,0,0,0
2020-08-31,23,4,EX0140,OB,0,0,0,0,0,0,0,0,0,0,0,0,0,0,0,0
2020-08-31,23,4,EX0157,OB,0,0,0,0,0,0,0,0,0,0,0,0,0,0,0,0
2020-08-31,23,4,EX0158,OB,0,0,0,0,0,0,0,0,0,0,0,0,0,0,0,0
2020-08-31,23,4,EX0172,COAL,0,0,0,0,0,0,0,0,0,0,0,0,0,0,0,0
2020-08-31,23,4,EX0175,COAL,0,0,0,0,0,0,0,0,0,0,0,0,0,0,0,0
2020-08-31,23,4,EX0176,COAL,0,0,0,0,0,0,0,0,0,0,0,0,0,0,0,0
2020-08-31,23,4,EX0192,OB,0,0,0,0,0,0,0,0,0,0,0,0,0,0,0,0
2020-08-31,23,4,EX0200,COAL,0,0,0,0,0,0,0,0,0,0,0,0,0,0,0,0
2020-08-31,23,4,EX0201,OB,0,0,0,0,0,0,0,0,0,0,0,0,0,0,0,0
2020-08-31,23,4,EX0215,OB,0,0,0,0,0,0,0,0,0,0,0,0,0,0,0,0
2020-08-31,23,4,EX0216,OB,0,0,0,0,0,0,0,0,0,0,0,0,0,0,0,0
2020-08-31,24,5,EX0140,OB,0,0,0,0,0,0,0,0,0,0,0,0,0,0,0,0
2020-08-31,24,5,EX0157,OB,0,0,0,0,0,0,0,0,0,0,0,0,0,0,0,0
2020-08-31,24,5,EX0158,OB,0,0,0,0,0,0,0,0,0,0,0,0,0,0,0,0
2020-08-31,24,5,EX0172,COAL,0,0,0,0,0,0,0,0,0,0,0,0,0,0,0,0
2020-08-31,24,5,EX0175,COAL,0,0,0,0,0,0,0,0,0,0,0,0,0,0,0,0
2020-08-31,24,5,EX0176,COAL,0,0,0,0,0,0,0,0,0,0,0,0,0,0,0,0
2020-08-31,24,5,EX0192,OB,0,0,0,0,0,0,0,0,0,0,0,0,0,0,0,0
2020-08-31,24,5,EX0200,COAL,0,0,0,0,0,0,0,0,0,0,0,0,0,0,0,0
2020-08-31,24,5,EX0201,OB,0,0,0,0,0,0,0,0,0,0,0,0,0,0,0,0
2020-08-31,24,5,EX0215,OB,0,0,0,0,0,0,0,0,0,0,0,0,0,0,0,0
2020-08-31,24,5,EX0216,OB,0,0,0,0,0,0,0,0,0,0,0,0,0,0,0,0
